Names	total	elements
Dragen-calling Freebayes Haplotypecaller4 Samtools Unifiedgenotyper	5	2_86304933_GCGCACACACACA_G
		14_23892646_AAC_A
		14_23892646_A_AACACACAC
		9_75315660_T_TATAC
		9_75315630_CAT_C
Freebayes Haplotypecaller4 Samtools Unifiedgenotyper	3	9_75315678_T_TACAC
		6_33402853_C_CA
		1_215916714_C_CAT
Freebayes Samtools	3	4_148457010_T_TTC
		6_10269321_A_AAGAG
		20_62046497_C_CGACAGACA
Haplotypecaller4 Samtools	1	18_43487886_TA_T
Freebayes	15	7_117188661_ATG_A
		20_10624926_T_TTCACACAC
		4_79350201_C_CTGTG
		4_78979258_C_CGTGT
		14_102511065_AGGGTGGGTGGCGAGGGTCCCCTCACGCG_A
		20_10624925_TCA_T
		7_117235197_CAT_C
		7_117188661_A_ATG
		22_38381826_AACACAC_A
		11_76895771_GGGAGGCGGGGACACCAGGGCCT_G
		19_36335392_ATTG_A
		1_43393246_G_GGGTGAGAAAT
		9_130457333_T_TTGA
		6_33408891_A_ATG
		10_73571582_C_CCT
Samtools	22	14_23898885_CA_C
		6_51910736_A_AT
		17_18047773_T_TC
		2_26702058_GT_G
		15_93510829_GT_G
		20_10623036_CT_C
		7_117176569_AGATT_A
		2_166221570_TG_T
		6_10269035_T_TC
		14_102449339_C_CT
		2_166895914_CTT_C
		5_89918621_CGATCTCAG_C
		18_43547128_TG_T
		10_55626631_G_GA
		4_79173516_C_CT
		12_52159439_G_GT
		5_90002221_C_CT
		10_55892601_T_TAC
		2_228567112_AT_A
		20_62046497_C_CAACAGACA
		20_10622081_CA_C
		2_113310198_CT_C
